95636,people sneezing,train,RNlmiIeuZG0_000076
95637,playing flute,train,RNmzIb4SAnU_000240
95638,sailing,train,RNnYLBd3jcg_000210
95639,printer printing,train,RNn_tGMZBRw_000260
95640,woodpecker pecking tree,train,RNni2QLdLJo_000004
95641,woodpecker pecking tree,train,RNni2QLdLJo_000016
95642,"race car, auto racing",train,RNo8OpI4XEg_000020
95643,people eating crisps,train,RNrTjwhrzSk_000007
95644,duck quacking,train,RNtVMEEOOLQ_000030
95645,playing snare drum,train,RNu0msBwvqg_000459
95646,playing snare drum,train,RNu0msBwvqg_000567
95647,mosquito buzzing,train,RNuJWhPdHpk_000043
95648,fire truck siren,train,RNvIxiLiuV0_000199
95649,baby laughter,train,RNwfG-x2iRk_000030
95650,people hiccup,train,RNxwurjyY10_000140
95651,fireworks banging,train,RNzEhD2IC1c_000090
95652,chicken clucking,train,RO1j8CM0FaQ_000000
95653,opening or closing drawers,train,RO9MSicoRT0_000303
95654,opening or closing drawers,train,RO9MSicoRT0_000388
95655,turkey gobbling,train,ROAFt1tNLu0_000005
95656,turkey gobbling,train,ROAFt1tNLu0_000016
95657,tap dancing,train,ROBegNai4Fw_000003
95659,baby babbling,train,RODFiuImAak_000088
95660,baby babbling,train,RODFiuImAak_000146
95661,dog bow-wow,train,ROE6mMMp9Zw_000030
95662,orchestra,train,ROEsrCtBv0U_000030
95663,mosquito buzzing,train,ROEtA4E43rc_000005
95664,mosquito buzzing,train,ROEtA4E43rc_000018
95665,people screaming,train,ROJ1PJrZidM_000020
95666,playing table tennis,train,RONnDnp1dpU_000026